{
  "buildings": [
    { "id": 1, "key": "hearth", "name": "Central Hearth", "category": "heat" },
    { "id": 2, "key": "hut", "name": "Insulated Hut", "category": "housing" },
    { "id": 3, "key": "workshop", "name": "Basic Workshop", "category": "production" },
    { "id": 4, "key": "smokehouse", "name": "Smokehouse", "category": "food" },
    { "id": 5, "key": "med_tent", "name": "Medical Tent", "category": "medical" },
    { "id": 6, "key": "watchtower", "name": "Watch Tower", "category": "defense" },
    { "id": 7, "key": "greenhouse", "name": "Greenhouse Pod", "category": "food" },
    { "id": 8, "key": "forge", "name": "Forge", "category": "production" },
    { "id": 9, "key": "kiln", "name": "Kiln", "category": "production" },
    { "id": 10, "key": "refinery", "name": "Refinery", "category": "production" },
    { "id": 11, "key": "storehouse", "name": "Storehouse", "category": "storage" },
    { "id": 12, "key": "armory", "name": "Armory", "category": "defense" },
    { "id": 13, "key": "scout_post", "name": "Scout Post", "category": "scouting" },
    { "id": 14, "key": "beacon", "name": "Signal Beacon", "category": "utility" },
    { "id": 15, "key": "lodge", "name": "Hunter Lodge", "category": "food" },
    { "id": 16, "key": "tannery", "name": "Tannery", "category": "production" },
    { "id": 17, "key": "apothecary", "name": "Apothecary", "category": "medical" },
    { "id": 18, "key": "battery_bank", "name": "Battery Bank", "category": "utility" }
  ]
}