{
  "doctrines": [
    { "id": 1, "key": "stoicism", "name": "Stoicism", "effects": ["morale_decay-15%"] },
    { "id": 2, "key": "efficiency", "name": "Doctrine of Efficiency", "effects": ["fuel_use-5%"] },
    { "id": 3, "key": "communal_hearth", "name": "Communal Hearth", "effects": ["warmth+2"] },
    { "id": 4, "key": "pragmatic_trade", "name": "Pragmatic Trade", "effects": ["trade_bonus+10%"] },
    { "id": 5, "key": "iron_will", "name": "Iron Will", "effects": ["fatigue_gain-10%"] },
    { "id": 6, "key": "rituals", "name": "Ritual Gatherings", "effects": ["morale+2"] },
    { "id": 7, "key": "austerity", "name": "Austerity Measures", "effects": ["food_consumption-5%","morale-1"] },
    { "id": 8, "key": "innovation", "name": "Innovation Drive", "effects": ["craft_speed+8%"] },
    { "id": 9, "key": "medical_focus", "name": "Medical Focus", "effects": ["healing_speed+10%"] },
    { "id": 10, "key": "beast_lore", "name": "Beast Lore", "effects": ["hunt_yield+10%"] },
    { "id": 11, "key": "dawn_watch", "name": "Dawn Watch", "effects": ["defense+5%"] },
    { "id": 12, "key": "salvage_creed", "name": "Salvage Creed", "effects": ["salvage_yield+12%"] }
  ]
}