{
  "events": [
    { "id": 1, "key": "cold_wave", "title": "Severe Cold Wave", "description": "A brutal cold wave descends.", "choices": [ { "key": "ration", "description": "Burn extra fuel to keep morale up.", "effects": ["warmth+5","morale+1"] }, { "key": "endure", "description": "Conserve fuel, endure the chill.", "effects": ["warmth-3","morale-2"] } ] },
    { "id": 2, "key": "supply_cache", "title": "Buried Supply Cache", "description": "Scouts find a half-frozen crate.", "choices": [ { "key": "salvage", "description": "Extract resources.", "effects": ["fuel+10","food+5"] } ] },
    { "id": 3, "key": "injury", "title": "Workshop Injury", "description": "A worker is hurt by collapsing rig.", "choices": [ { "key": "treat", "description": "Use medicine.", "effects": ["medicine-1","morale+1"] }, { "key": "ignore", "description": "Keep working.", "effects": ["morale-2"] } ] },
    { "id": 4, "key": "beast_tracks", "title": "Beast Tracks", "description": "Fresh tracks circle the camp.", "choices": [ { "key": "patrol", "description": "Send a patrol.", "effects": ["morale+1","warmth-1"] }, { "key": "fortify", "description": "Reinforce defenses.", "effects": ["fuel-2","morale+2"] } ] },
    { "id": 5, "key": "heated_debate", "title": "Heated Debate", "description": "Two factions argue over resource use.", "choices": [ { "key": "mediate", "description": "Calm them down.", "effects": ["morale+1"] }, { "key": "side_efficiency", "description": "Back efficiency faction.", "effects": ["morale-1","efficiency_doctrine_progress+5"] } ] },
    { "id": 6, "key": "lost_scout", "title": "Lost Scout", "description": "A scout failed to return on time.", "choices": [ { "key": "search", "description": "Send search party.", "effects": ["warmth-2","morale+2"] }, { "key": "wait", "description": "Weather the storm.", "effects": ["morale-1"] } ] },
    { "id": 7, "key": "strange_lights", "title": "Strange Lights", "description": "Auroras flicker in odd patterns.", "choices": [ { "key": "study", "description": "Observe anomalies.", "effects": ["morale+1","doctrine_insight+1"] }, { "key": "ignore", "description": "Ignore it.", "effects": [] } ] },
    { "id": 8, "key": "animal_migration", "title": "Animal Migration", "description": "Herds shift their paths.", "choices": [ { "key": "hunt", "description": "Organize a hunt.", "effects": ["food+8","fatigue+1"] }, { "key": "preserve", "description": "Let them pass.", "effects": ["morale+1"] } ] },
    { "id": 9, "key": "fuel_spoilage", "title": "Fuel Spoilage", "description": "Moisture ruined part of fuel stores.", "choices": [ { "key": "salvage", "description": "Dry what you can.", "effects": ["fuel-2"] }, { "key": "burn_fast", "description": "Burn compromised fuel now.", "effects": ["warmth+2","fuel-3"] } ] },
    { "id": 10, "key": "medicine_shortage", "title": "Medicine Shortage", "description": "Stock of medicine running low.", "choices": [ { "key": "ration", "description": "Restrict use.", "effects": ["morale-1"] }, { "key": "forage", "description": "Forage for herbs.", "effects": ["warmth-1","medicine+2"] } ] },
    { "id": 11, "key": "collapsed_tunnel", "title": "Collapsed Tunnel", "description": "Mining access blocked.", "choices": [ { "key": "clear", "description": "Clear debris.", "effects": ["fatigue+2","metal+2"] }, { "key": "seal", "description": "Abandon tunnel.", "effects": ["morale-1"] } ] },
    { "id": 12, "key": "disoriented_worker", "title": "Disoriented Worker", "description": "Exhaustion leads to mistakes.", "choices": [ { "key": "rest", "description": "Force rest.", "effects": ["fatigue-5","productivity-1"] }, { "key": "press_on", "description": "Keep them working.", "effects": ["fatigue+2","morale-1"] } ] },
    { "id": 13, "key": "herbal_find", "title": "Herbal Find", "description": "Medicinal herbs under the snow.", "choices": [ { "key": "gather", "description": "Collect carefully.", "effects": ["medicine+3"] }, { "key": "ignore", "description": "Too cold to bother.", "effects": [] } ] },
    { "id": 14, "key": "wandering_trader", "title": "Wandering Trader", "description": "A lone trader arrives.", "choices": [ { "key": "trade_food", "description": "Trade fuel for food.", "effects": ["fuel-3","food+4"] }, { "key": "trade_medicine", "description": "Trade metal for medicine.", "effects": ["metal-2","medicine+2"] } ] },
    { "id": 15, "key": "rumor_doctrine", "title": "Doctrine Rumor", "description": "Whispers of a new social path.", "choices": [ { "key": "encourage", "description": "Encourage open talk.", "effects": ["doctrine_insight+2"] }, { "key": "suppress", "description": "Shut it down.", "effects": ["morale-1"] } ] },
    { "id": 16, "key": "beacon_failure", "title": "Beacon Failure", "description": "Signal beacon flickers out.", "choices": [ { "key": "repair", "description": "Repair components.", "effects": ["component-1","morale+1"] }, { "key": "delay", "description": "Fix later.", "effects": ["morale-1"] } ] },
    { "id": 17, "key": "snowblindness", "title": "Snowblindness", "description": "Harsh glare harms vision.", "choices": [ { "key": "issue_goggles", "description": "Distribute goggles.", "effects": ["component-1","morale+1"] }, { "key": "ignore", "description": "Push through.", "effects": ["fatigue+1","morale-1"] } ] },
    { "id": 18, "key": "campfire_story", "title": "Campfire Story", "description": "Stories lift spirits.", "choices": [ { "key": "encourage", "description": "Let them share tales.", "effects": ["morale+2","fuel-1"] }, { "key": "end_early", "description": "End early to save fuel.", "effects": ["morale-1"] } ] },
    { "id": 19, "key": "sabotage", "title": "Minor Sabotage", "description": "Tool damage discovered.", "choices": [ { "key": "investigate", "description": "Find culprit.", "effects": ["morale-1","security+1"] }, { "key": "ignore", "description": "Assume accident.", "effects": ["productivity-1"] } ] },
    { "id": 20, "key": "frozen_water", "title": "Frozen Water Source", "description": "Ice covers the reservoir.", "choices": [ { "key": "break_ice", "description": "Labor to restore flow.", "effects": ["fatigue+2","morale+1"] }, { "key": "melt_slow", "description": "Use fuel to melt.", "effects": ["fuel-2","warmth+1"] } ] }
    // ... (Events 21 - 55 similarly structured; truncated here for brevity in display)
  ]
}