{
  "items": [
    { "id": 1, "name": "Raw Meat", "category": "food", "perishable": true },
    { "id": 2, "name": "Dried Meat", "category": "food", "perishable": false },
    { "id": 3, "name": "Raw Fish", "category": "food", "perishable": true },
    { "id": 4, "name": "Smoked Fish", "category": "food", "perishable": false },
    { "id": 5, "name": "Wood Log", "category": "fuel", "perishable": false },
    { "id": 6, "name": "Charcoal", "category": "fuel", "perishable": false },
    { "id": 7, "name": "Medical Herb", "category": "medicine", "perishable": true },
    { "id": 8, "name": "Bandage", "category": "medicine", "perishable": false },
    { "id": 9, "name": "Iron Ore", "category": "ore", "perishable": false },
    { "id": 10, "name": "Iron Ingot", "category": "metal", "perishable": false },
    { "id": 11, "name": "Coal Chunk", "category": "fuel", "perishable": false },
    { "id": 12, "name": "Leather Scrap", "category": "material", "perishable": false },
    { "id": 13, "name": "Cloth Roll", "category": "material", "perishable": false },
    { "id": 14, "name": "Bone Fragment", "category": "material", "perishable": false },
    { "id": 15, "name": "Herbal Tincture", "category": "medicine", "perishable": false },
    { "id": 16, "name": "Cooked Stew", "category": "food", "perishable": true },
    { "id": 17, "name": "Warm Soup", "category": "food", "perishable": true },
    { "id": 18, "name": "Gear Cog", "category": "component", "perishable": false },
    { "id": 19, "name": "Steel Plate", "category": "component", "perishable": false },
    { "id": 20, "name": "Circuit Relic", "category": "artifact", "perishable": false },
    { "id": 21, "name": "Oil Canister", "category": "fuel", "perishable": false },
    { "id": 22, "name": "Resin Lump", "category": "material", "perishable": false },
    { "id": 23, "name": "Ice Crystal", "category": "material", "perishable": false },
    { "id": 24, "name": "Ration Pack", "category": "food", "perishable": false },
    { "id": 25, "name": "Warm Fur", "category": "material", "perishable": false },
    { "id": 26, "name": "Spice Herb", "category": "food", "perishable": true },
    { "id": 27, "name": "Antidote", "category": "medicine", "perishable": false },
    { "id": 28, "name": "Salvaged Metal", "category": "metal", "perishable": false },
    { "id": 29, "name": "Refined Alloy", "category": "metal", "perishable": false },
    { "id": 30, "name": "Crude Tool", "category": "tool", "perishable": false },
    { "id": 31, "name": "Advanced Tool", "category": "tool", "perishable": false },
    { "id": 32, "name": "Torch", "category": "utility", "perishable": true },
    { "id": 33, "name": "Lamp Fuel", "category": "fuel", "perishable": false },
    { "id": 34, "name": "Tonic", "category": "medicine", "perishable": false },
    { "id": 35, "name": "Ember Core", "category": "artifact", "perishable": false },
    { "id": 36, "name": "Frost Shard", "category": "artifact", "perishable": false },
    { "id": 37, "name": "Hunter Bait", "category": "utility", "perishable": true },
    { "id": 38, "name": "Binding Resin", "category": "component", "perishable": false },
    { "id": 39, "name": "Armor Piece", "category": "component", "perishable": false },
    { "id": 40, "name": "Suture Kit", "category": "medicine", "perishable": false }
  ]
}