{
  "monsters": [
    { "id": 1, "key": "ice_wolf", "name": "Ice Wolf", "threatTier": 1 },
    { "id": 2, "key": "frost_wraith", "name": "Frost Wraith", "threatTier": 2 },
    { "id": 3, "key": "glacier_beetle", "name": "Glacier Beetle", "threatTier": 1 },
    { "id": 4, "key": "ice_talon", "name": "Ice Talon", "threatTier": 2 },
    { "id": 5, "key": "frost_ogre", "name": "Frost Ogre", "threatTier": 3 },
    { "id": 6, "key": "shard_serpent", "name": "Shard Serpent", "threatTier": 3 },
    { "id": 7, "key": "blizzard_elemental", "name": "Blizzard Elemental", "threatTier": 4 },
    { "id": 8, "key": "rime_stalker", "name": "Rime Stalker", "threatTier": 2 },
    { "id": 9, "key": "snow_hare_alpha", "name": "Enormous Snow Hare", "threatTier": 1 },
    { "id": 10, "key": "ice_bound_knight", "name": "Ice-Bound Knight", "threatTier": 4 },
    { "id": 11, "key": "permafrost_crawler", "name": "Permafrost Crawler", "threatTier": 2 },
    { "id": 12, "key": "cryostag", "name": "Cryostag", "threatTier": 2 },
    { "id": 13, "key": "frost_manticore", "name": "Frost Manticore", "threatTier": 4 },
    { "id": 14, "key": "shiverling_swarm", "name": "Shiverling Swarm", "threatTier": 3 }
  ]
}