{
  "recipes": [
    { "id": 1, "key": "dry_meat", "inputs": [ { "item": "Raw Meat", "count": 2 } ], "outputs": [ { "item": "Dried Meat", "count": 1 } ], "time": 4.0 },
    { "id": 2, "key": "smoke_fish", "inputs": [ { "item": "Raw Fish", "count": 2 } ], "outputs": [ { "item": "Smoked Fish", "count": 1 } ], "time": 3.5 },
    { "id": 3, "key": "brew_tonic", "inputs": [ { "item": "Medical Herb", "count": 2 } ], "outputs": [ { "item": "Tonic", "count": 1 } ], "time": 2.0 },
    { "id": 4, "key": "charcoal_from_wood", "inputs": [ { "item": "Wood Log", "count": 3 } ], "outputs": [ { "item": "Charcoal", "count": 2 } ], "time": 5.0 },
    { "id": 5, "key": "smelt_iron", "inputs": [ { "item": "Iron Ore", "count": 3 } ], "outputs": [ { "item": "Iron Ingot", "count": 1 } ], "time": 6.0 },
    { "id": 6, "key": "forge_tool", "inputs": [ { "item": "Iron Ingot", "count": 2 }, { "item": "Gear Cog", "count": 1 } ], "outputs": [ { "item": "Crude Tool", "count": 1 } ], "time": 5.5 },
    { "id": 7, "key": "upgrade_tool", "inputs": [ { "item": "Crude Tool", "count": 1 }, { "item": "Refined Alloy", "count": 1 } ], "outputs": [ { "item": "Advanced Tool", "count": 1 } ], "time": 7.0 },
    { "id": 8, "key": "press_herb_bandage", "inputs": [ { "item": "Medical Herb", "count": 2 }, { "item": "Cloth Roll", "count": 1 } ], "outputs": [ { "item": "Bandage", "count": 1 } ], "time": 3.0 },
    { "id": 9, "key": "cook_stew", "inputs": [ { "item": "Raw Meat", "count": 1 }, { "item": "Spice Herb", "count": 1 } ], "outputs": [ { "item": "Cooked Stew", "count": 1 } ], "time": 2.5 },
    { "id": 10, "key": "cook_soup", "inputs": [ { "item": "Raw Fish", "count": 1 }, { "item": "Spice Herb", "count": 1 } ], "outputs": [ { "item": "Warm Soup", "count": 1 } ], "time": 2.5 },
    { "id": 11, "key": "make_ration", "inputs": [ { "item": "Dried Meat", "count": 1 }, { "item": "Warm Soup", "count": 1 } ], "outputs": [ { "item": "Ration Pack", "count": 1 } ], "time": 4.0 },
    { "id": 12, "key": "refine_alloy", "inputs": [ { "item": "Iron Ingot", "count": 2 }, { "item": "Coal Chunk", "count": 1 } ], "outputs": [ { "item": "Refined Alloy", "count": 1 } ], "time": 6.0 },
    { "id": 13, "key": "assemble_cog", "inputs": [ { "item": "Refined Alloy", "count": 1 } ], "outputs": [ { "item": "Gear Cog", "count": 1 } ], "time": 2.0 },
    { "id": 14, "key": "distill_tincture", "inputs": [ { "item": "Medical Herb", "count": 3 } ], "outputs": [ { "item": "Herbal Tincture", "count": 1 } ], "time": 4.0 },
    { "id": 15, "key": "treat_leather", "inputs": [ { "item": "Warm Fur", "count": 2 } ], "outputs": [ { "item": "Leather Scrap", "count": 2 } ], "time": 3.0 },
    { "id": 16, "key": "spin_cloth", "inputs": [ { "item": "Leather Scrap", "count": 2 } ], "outputs": [ { "item": "Cloth Roll", "count": 1 } ], "time": 3.5 },
    { "id": 17, "key": "assemble_armor_piece", "inputs": [ { "item": "Refined Alloy", "count": 1 }, { "item": "Cloth Roll", "count": 1 } ], "outputs": [ { "item": "Armor Piece", "count": 1 } ], "time": 5.0 },
    { "id": 18, "key": "brew_antidote", "inputs": [ { "item": "Herbal Tincture", "count": 1 }, { "item": "Medical Herb", "count": 1 } ], "outputs": [ { "item": "Antidote", "count": 1 } ], "time": 4.0 },
    { "id": 19, "key": "craft_binding_resin", "inputs": [ { "item": "Resin Lump", "count": 2 } ], "outputs": [ { "item": "Binding Resin", "count": 1 } ], "time": 3.0 },
    { "id": 20, "key": "suture_kit", "inputs": [ { "item": "Bandage", "count": 1 }, { "item": "Binding Resin", "count": 1 } ], "outputs": [ { "item": "Suture Kit", "count": 1 } ], "time": 4.5 },
    { "id": 21, "key": "lamp_fuel_refine", "inputs": [ { "item": "Oil Canister", "count": 1 }, { "item": "Coal Chunk", "count": 1 } ], "outputs": [ { "item": "Lamp Fuel", "count": 2 } ], "time": 5.0 },
    { "id": 22, "key": "bait_mix", "inputs": [ { "item": "Raw Meat", "count": 1 }, { "item": "Spice Herb", "count": 1 } ], "outputs": [ { "item": "Hunter Bait", "count": 1 } ], "time": 2.0 },
    { "id": 23, "key": "torch_assemble", "inputs": [ { "item": "Wood Log", "count": 1 }, { "item": "Resin Lump", "count": 1 } ], "outputs": [ { "item": "Torch", "count": 1 } ], "time": 1.5 },
    { "id": 24, "key": "core_stabilize", "inputs": [ { "item": "Ember Core", "count": 1 }, { "item": "Frost Shard", "count": 1 } ], "outputs": [ { "item": "Circuit Relic", "count": 1 } ], "time": 10.0 },
    { "id": 25, "key": "make_charcoal_alt", "inputs": [ { "item": "Wood Log", "count": 2 }, { "item": "Resin Lump", "count": 1 } ], "outputs": [ { "item": "Charcoal", "count": 2 } ], "time": 4.0 },
    { "id": 26, "key": "gear_from_alloy", "inputs": [ { "item": "Refined Alloy", "count": 1 }, { "item": "Binding Resin", "count": 1 } ], "outputs": [ { "item": "Gear Cog", "count": 1 } ], "time": 2.5 }
  ]
}